City_ID,City,Country,Date,Lat,Lng,Max Temp,Humidity,Cloudiness,Wind Speed
0,East London,ZA,2022-02-02 01:09:21,-33.0153,27.9116,76.57,74,100,5.35
1,Taltal,CL,2022-02-02 01:09:22,-25.4,-70.4833,66.34,78,0,3.24
2,Dakar,SN,2022-02-02 01:09:22,14.6937,-17.4441,74.28,53,100,13.65
3,Punta Arenas,CL,2022-02-02 01:09:22,-53.15,-70.9167,48.11,66,40,21.85
4,Avarua,CK,2022-02-02 01:09:23,-21.2078,-159.775,82.45,78,20,12.66
5,Cidreira,BR,2022-02-02 01:07:57,-30.1811,-50.2056,72.45,74,0,12.39
6,Luderitz,NA,2022-02-02 01:05:33,-26.6481,15.1594,63.68,91,67,7.87
7,Khandwa,IN,2022-02-02 01:09:23,21.8333,76.3333,62.44,51,4,1.81
8,Kaitangata,NZ,2022-02-02 01:09:24,-46.2817,169.8464,73.92,66,100,12.77
9,Tiksi,RU,2022-02-02 01:07:55,71.6872,128.8694,-10.25,96,100,6.44
10,Butaritari,KI,2022-02-02 01:09:24,3.0707,172.7902,82.0,77,18,11.72
11,Guia De Isora,ES,2022-02-02 01:09:24,28.2115,-16.7795,68.72,59,98,1.01
12,Mataura,NZ,2022-02-02 01:09:25,-46.1927,168.8643,78.48,89,94,1.95
13,Sao Filipe,CV,2022-02-02 01:09:25,14.8961,-24.4956,73.35,78,27,11.7
14,Mecca,SA,2022-02-02 01:06:52,21.4267,39.8261,67.19,41,0,2.15
15,Katsuura,JP,2022-02-02 01:08:16,35.1333,140.3,44.71,39,0,18.7
16,Depalpur,IN,2022-02-02 01:07:07,22.85,75.55,58.24,62,0,0.83
17,Port Blair,IN,2022-02-02 01:09:26,11.6667,92.75,69.84,94,20,2.3
18,Ushuaia,AR,2022-02-02 01:07:45,-54.8,-68.3,42.46,70,40,37.98
19,Rocha,UY,2022-02-02 01:09:26,-34.4833,-54.3333,59.18,76,0,6.11
20,Saldanha,ZA,2022-02-02 01:09:27,-33.0117,17.9442,64.67,97,55,13.06
21,Portland,US,2022-02-02 01:05:07,45.5234,-122.6762,45.48,80,20,1.01
22,Atuona,PF,2022-02-02 01:06:51,-9.8,-139.0333,78.87,73,16,19.73
23,Vaini,TO,2022-02-02 01:08:08,-21.2,-175.2,87.96,70,40,10.36
24,Beringovskiy,RU,2022-02-02 01:09:27,63.05,179.3167,1.63,85,86,16.08
25,Villaviciosa,ES,2022-02-02 01:09:28,43.4813,-5.4357,48.16,94,1,4.12
26,Albany,US,2022-02-02 01:06:42,42.6001,-73.9662,30.78,67,100,1.99
27,Bluff,NZ,2022-02-02 01:09:28,-46.6,168.3333,78.8,73,78,10.63
28,Upata,VE,2022-02-02 01:09:28,8.0086,-62.3989,73.18,78,20,6.82
29,Rikitea,PF,2022-02-02 01:07:57,-23.1203,-134.9692,78.35,70,72,6.04
30,Klaksvik,FO,2022-02-02 01:09:29,62.2266,-6.589,36.52,76,100,18.66
31,Calbe,DE,2022-02-02 01:09:29,51.9,11.7667,44.29,74,100,24.54
32,Sechura,PE,2022-02-02 01:09:29,-5.5569,-80.8222,73.98,67,17,15.86
33,Yellowknife,CA,2022-02-02 01:07:40,62.456,-114.3525,-26.45,90,13,5.99
34,Busselton,AU,2022-02-02 01:07:49,-33.65,115.3333,71.04,47,85,18.66
35,Norman Wells,CA,2022-02-02 01:06:52,65.282,-126.8329,-22.47,100,65,1.77
36,Jalu,LY,2022-02-02 01:05:34,29.0331,21.5482,54.21,37,3,11.32
37,Nicoya,CR,2022-02-02 01:09:30,10.1483,-85.452,78.35,73,14,2.01
38,Tongliao,CN,2022-02-02 01:09:31,43.6125,122.2653,6.57,78,1,12.71
39,Nemuro,JP,2022-02-02 01:09:31,43.3236,145.575,25.45,69,15,17.94
40,New Norfolk,AU,2022-02-02 01:08:34,-42.7826,147.0587,63.66,41,58,1.99
41,Cherskiy,RU,2022-02-02 01:08:59,68.75,161.3,11.35,70,100,4.85
42,Bredasdorp,ZA,2022-02-02 01:09:31,-34.5322,20.0403,73.4,78,6,1.61
43,Coolum Beach,AU,2022-02-02 01:09:32,-26.5333,153.1,91.22,69,100,4.72
44,Luancheng,CN,2022-02-02 01:05:12,37.8792,114.6517,30.51,39,0,1.39
45,Chapais,CA,2022-02-02 01:09:32,49.7834,-74.8492,19.18,84,100,18.92
46,Bambous Virieux,MU,2022-02-02 01:09:33,-20.3428,57.7575,80.22,91,100,30.04
47,Hithadhoo,MV,2022-02-02 01:07:51,-0.6,73.0833,82.38,72,6,12.35
48,Kodiak,US,2022-02-02 01:07:18,57.79,-152.4072,38.71,87,100,5.75
49,Thompson,CA,2022-02-02 01:08:23,55.7435,-97.8558,-17.48,86,82,10.31
50,Rorvik,NO,2022-02-02 01:10:34,64.8621,11.2373,23.04,65,100,18.92
51,Dikson,RU,2022-02-02 01:05:35,73.5069,80.5464,2.43,94,100,16.96
52,Jamestown,US,2022-02-02 01:06:09,42.097,-79.2353,36.72,47,0,8.01
53,Victoria,HK,2022-02-02 01:10:34,22.2855,114.1577,60.94,93,100,3.0
54,Lakatoro,VU,2022-02-02 01:10:34,-16.0999,167.4164,85.06,72,89,9.55
55,Heishan,CN,2022-02-02 01:10:35,41.6892,122.1128,16.34,41,0,8.86
56,Hobart,AU,2022-02-02 01:09:34,-42.8794,147.3294,64.02,45,75,4.0
57,Riyadh,SA,2022-02-02 01:07:39,24.6877,46.7219,48.34,39,0,9.26
58,Kutum,SD,2022-02-02 01:10:35,14.2,24.6667,55.26,24,0,7.81
59,Narsaq,GL,2022-02-02 01:08:36,60.9167,-46.05,14.22,84,14,3.74
60,Airai,TL,2022-02-02 01:10:36,-8.9266,125.4092,69.6,63,100,4.09
61,Laurel,US,2022-02-02 01:10:36,39.0993,-76.8483,36.09,77,0,1.01
62,Faanui,PF,2022-02-02 01:09:38,-16.4833,-151.75,80.94,76,11,19.86
63,Ribeira Grande,PT,2022-02-02 01:09:19,38.5167,-28.7,59.63,74,68,13.24
64,Barrow,US,2022-02-02 01:06:50,71.2906,-156.7887,-16.58,69,0,10.36
65,Georgetown,MY,2022-02-02 01:10:37,5.4112,100.3354,82.33,77,20,3.44
66,Nueva Concepcion,GT,2022-02-02 01:10:37,14.2,-91.3,81.7,64,21,6.49
67,Nurota,UZ,2022-02-02 01:10:38,40.5614,65.6886,37.49,45,100,3.33
68,Dingle,PH,2022-02-02 01:06:56,10.9995,122.6711,79.77,81,100,10.47
69,Saint George,US,2022-02-02 01:10:12,37.1041,-113.5841,46.94,24,0,3.0
70,Cabo San Lucas,MX,2022-02-02 01:07:54,22.8909,-109.9124,71.91,52,0,11.5
71,Clyde River,CA,2022-02-02 01:10:38,70.4692,-68.5914,-27.42,82,95,2.33
72,Rawson,AR,2022-02-02 01:10:39,-43.3002,-65.1023,76.15,36,6,8.86
73,Tasiilaq,GL,2022-02-02 01:10:39,65.6145,-37.6368,12.36,74,100,4.74
74,Tura,IN,2022-02-02 01:10:40,25.5198,90.2201,51.84,73,0,2.75
75,Weligama,LK,2022-02-02 01:10:06,5.9667,80.4167,70.63,88,13,8.88
76,Pevek,RU,2022-02-02 01:07:40,69.7008,170.3133,-6.88,79,100,3.36
77,Palatka,US,2022-02-02 01:10:07,29.6486,-81.6376,59.52,67,21,4.03
78,Springdale,US,2022-02-02 01:09:57,36.1867,-94.1288,55.04,97,100,0.0
79,Emerald,AU,2022-02-02 01:07:12,-23.5333,148.1667,96.35,43,95,11.39
80,Kulaman,PH,2022-02-02 01:10:41,6.4594,124.0892,81.32,68,100,0.89
81,Port Lincoln,AU,2022-02-02 01:08:01,-34.7333,135.8667,62.98,54,99,16.44
82,Bilibino,RU,2022-02-02 01:10:42,68.0546,166.4372,5.99,60,100,6.67
83,Biloela,AU,2022-02-02 01:10:42,-24.4167,150.5,88.09,48,100,7.96
84,Scarborough,GB,2022-02-02 01:10:43,54.2797,-0.4044,49.82,80,99,1.99
85,Souillac,MU,2022-02-02 01:08:09,-20.5167,57.5167,80.37,93,100,28.83
86,Bethel,US,2022-02-02 01:10:43,41.3712,-73.414,34.16,72,100,0.0
87,Castro,BR,2022-02-02 01:06:42,-24.7911,-50.0119,63.43,94,81,5.32
88,Mahebourg,MU,2022-02-02 01:10:44,-20.4081,57.7,80.26,91,100,29.97
89,Kaeo,NZ,2022-02-02 01:10:44,-35.1,173.7833,77.32,77,100,12.17
90,La Ronge,CA,2022-02-02 01:10:44,55.1001,-105.2842,-8.9,88,100,11.97
91,Bosaso,SO,2022-02-02 01:10:45,11.2842,49.1816,75.51,77,99,7.94
92,Port Elizabeth,ZA,2022-02-02 01:11:45,-33.918,25.5701,75.09,75,100,4.41
93,Petropavlovsk-Kamchatskiy,RU,2022-02-02 01:08:08,53.0452,158.6483,31.78,100,100,17.9
94,Mehamn,NO,2022-02-02 01:11:45,71.0357,27.8492,18.12,78,99,9.86
95,Asau,RO,2022-02-02 01:09:38,46.4333,26.4,26.76,92,95,5.59
96,Barinas,VE,2022-02-02 01:11:46,8.6226,-70.2075,79.32,43,37,4.79
97,Pangnirtung,CA,2022-02-02 01:09:04,66.1451,-65.7125,-23.87,84,71,6.62
98,Smolenka,RU,2022-02-02 01:11:46,52.1352,113.4974,-27.33,68,20,0.0
99,Hearst,CA,2022-02-02 01:08:02,49.6835,-83.6665,26.08,80,96,14.52
100,Altay,CN,2022-02-02 01:11:47,47.8667,88.1167,8.6,84,99,4.52
101,Viedma,AR,2022-02-02 01:11:47,-40.8135,-62.9967,68.09,54,100,15.39
102,Svetlogorsk,BY,2022-02-02 01:11:47,52.6333,29.7333,19.13,95,85,7.7
103,Shache,CN,2022-02-02 01:11:48,38.4167,77.2406,26.71,49,90,1.01
104,Nikolskoye,RU,2022-02-02 01:09:59,59.7035,30.7861,24.69,98,99,2.08
105,Noumea,NC,2022-02-02 01:11:48,-22.2763,166.4572,85.98,68,97,8.75
106,Ixtapa,MX,2022-02-02 01:11:48,20.7,-105.2,74.43,53,0,9.22
107,Westport,US,2022-02-02 01:09:10,41.1415,-73.3579,35.56,69,100,3.0
108,Lorengau,PG,2022-02-02 01:11:49,-2.0226,147.2712,79.99,81,100,5.19
109,Biak,ID,2022-02-02 01:11:49,-0.9131,122.8766,80.06,68,100,2.75
110,Chokurdakh,RU,2022-02-02 01:10:29,70.6333,147.9167,-14.26,96,100,5.17
111,Qaanaaq,GL,2022-02-02 01:11:50,77.484,-69.3632,-20.85,64,100,11.99
112,Saint-Philippe,RE,2022-02-02 01:11:50,-21.3585,55.7679,81.95,92,100,23.71
113,Hermanus,ZA,2022-02-02 01:11:50,-34.4187,19.2345,67.89,82,5,4.36
114,Eyl,SO,2022-02-02 01:11:51,7.9803,49.8164,73.87,82,100,15.64
115,Tuy Hoa,VN,2022-02-02 01:11:51,13.0833,109.3,74.61,86,57,8.1
116,Hilo,US,2022-02-02 01:10:58,19.7297,-155.09,76.73,74,75,5.75
117,Rio Grande,BR,2022-02-02 01:10:43,-32.035,-52.0986,68.85,65,0,10.49
118,Touros,BR,2022-02-02 01:06:55,-5.1989,-35.4608,77.9,77,42,9.46
119,Iqaluit,CA,2022-02-02 01:11:52,63.7506,-68.5145,-9.31,76,100,15.01
120,Waipawa,NZ,2022-02-02 01:10:34,-41.4122,175.5153,75.83,42,40,9.8
121,Puerto Ayora,EC,2022-02-02 01:11:52,-0.7393,-90.3518,75.54,95,100,1.99
122,Almenara,BR,2022-02-02 01:11:53,-16.1836,-40.6944,72.79,95,62,1.01
123,Iquique,CL,2022-02-02 01:09:05,-20.2208,-70.1431,68.04,76,5,4.74
124,Stavern,NO,2022-02-02 01:11:53,59.0,10.0333,27.45,94,100,22.21
125,Aklavik,CA,2022-02-02 01:11:10,68.2191,-135.0107,-15.02,100,99,3.09
126,Port Alfred,ZA,2022-02-02 01:11:54,-33.5906,26.891,77.63,76,100,5.93
127,Gornopravdinsk,RU,2022-02-02 01:11:54,60.05,69.9,3.87,99,99,4.94
128,Inuvik,CA,2022-02-02 01:11:54,68.3499,-133.7218,-10.44,100,100,3.58
129,Durban,ZA,2022-02-02 01:10:47,-29.8579,31.0292,77.92,88,62,1.99
130,Khatanga,RU,2022-02-02 01:08:07,71.9667,102.5,-37.68,99,20,2.37
131,Mar Del Plata,AR,2022-02-02 01:11:55,-38.0023,-57.5575,72.09,78,0,4.0
132,Santa Maria Del Oro,MX,2022-02-02 01:11:55,25.9333,-105.3667,60.76,16,2,11.77
133,Mukhen,RU,2022-02-02 01:11:55,48.1,136.1,5.14,85,100,5.59
134,Moree,AU,2022-02-02 01:11:56,-29.4667,149.85,74.62,83,100,8.08
135,Talnakh,RU,2022-02-02 01:08:03,69.4865,88.3972,2.21,95,100,8.01
136,College Place,US,2022-02-02 01:12:56,46.0493,-118.3883,40.87,73,100,1.01
137,Port Hedland,AU,2022-02-02 01:10:33,-20.3167,118.5667,84.25,84,100,4.61
138,Kollam,IN,2022-02-02 01:12:57,8.8833,76.6,76.87,85,0,5.55
139,Carnarvon,AU,2022-02-02 01:08:47,-24.8667,113.6333,84.27,70,97,13.8
140,Norwich,GB,2022-02-02 01:12:57,52.6278,1.2983,49.26,79,100,1.99
141,Mattawa,US,2022-02-02 01:12:58,46.7379,-119.9028,41.0,64,6,18.01
142,Praya,CV,2022-02-02 01:11:05,14.9215,-23.5087,79.34,44,75,14.97
143,Veselynove,UA,2022-02-02 01:12:58,47.3567,31.2349,31.06,98,100,3.85
144,Pochutla,MX,2022-02-02 01:12:58,15.7432,-96.4661,79.83,71,0,6.91
145,Bashmakovo,RU,2022-02-02 01:12:59,53.2133,43.0342,16.81,95,72,10.78
146,Neyvo-Shaytanskiy,RU,2022-02-02 01:12:59,57.7286,61.2496,24.64,95,100,7.76
147,Tuktoyaktuk,CA,2022-02-02 01:12:59,69.4541,-133.0374,-19.97,100,100,6.17
148,Seoul,KR,2022-02-02 01:13:00,37.5683,126.9778,26.11,38,41,7.49
149,Torbay,CA,2022-02-02 01:13:00,47.6666,-52.7314,20.57,63,6,1.99
150,Saskylakh,RU,2022-02-02 01:10:33,71.9167,114.0833,-28.21,100,35,1.74
151,Champerico,GT,2022-02-02 01:13:01,14.3,-91.9167,82.29,66,0,8.57
152,Gobabis,NA,2022-02-02 01:13:01,-22.45,18.9667,65.39,91,98,11.07
153,Calvinia,ZA,2022-02-02 01:13:01,-31.4707,19.776,70.99,69,100,3.4
154,Cananeia,BR,2022-02-02 01:13:02,-25.0147,-47.9267,74.43,93,100,2.53
155,Padang,ID,2022-02-02 01:13:02,-0.9492,100.3543,75.25,82,100,4.38
156,Hit,IQ,2022-02-02 01:13:02,33.6416,42.8251,47.68,67,0,2.51
157,Broome,US,2022-02-02 01:13:03,42.2506,-75.833,32.77,62,0,3.0
158,Bagdarin,RU,2022-02-02 01:13:03,54.4333,113.6,-17.59,95,14,3.94
159,Bathsheba,BB,2022-02-02 01:10:58,13.2167,-59.5167,79.41,78,75,13.8
160,Cape Town,ZA,2022-02-02 01:08:46,-33.9258,18.4232,69.1,82,36,1.01
161,La Paz,BO,2022-02-02 01:13:04,-16.5,-68.15,48.18,93,75,6.91
162,Ayan,RU,2022-02-02 01:13:04,56.45,138.1667,-0.99,67,71,12.91
163,Santiago Del Estero,AR,2022-02-02 01:09:56,-27.7951,-64.2615,87.73,24,100,5.97
164,Batemans Bay,AU,2022-02-02 01:13:04,-35.7167,150.1833,71.2,89,100,4.47
165,Betafo,MG,2022-02-02 01:13:05,-19.8333,46.85,55.58,93,48,4.99
166,Pirgos,GR,2022-02-02 01:13:05,35.1167,25.7178,60.62,66,87,21.12
167,Alofi,NU,2022-02-02 01:09:42,-19.0595,-169.9187,76.89,94,75,11.5
168,Arraial Do Cabo,BR,2022-02-02 01:13:05,-22.9661,-42.0278,76.19,89,100,11.48
169,Codrington,AU,2022-02-02 01:13:06,-38.2667,141.9667,59.92,52,100,13.89
170,Birobidzhan,RU,2022-02-02 01:13:06,48.8,132.95,-5.01,89,7,0.27
171,Wamba,NG,2022-02-02 01:13:06,8.9333,8.6,68.23,21,0,3.44
172,Boca Do Acre,BR,2022-02-02 01:13:07,-8.7522,-67.3978,73.35,98,100,0.85
173,Quevedo,EC,2022-02-02 01:13:07,-1.0333,-79.45,73.92,91,100,3.27
174,Jacareacanga,BR,2022-02-02 01:13:07,-6.2222,-57.7528,73.92,98,100,0.67
175,Cheremkhovo,RU,2022-02-02 01:13:08,53.1561,103.0675,-9.58,99,98,0.89
176,Qitaihe,CN,2022-02-02 01:13:08,45.8,130.85,7.14,82,88,11.74
177,Presidencia Roque Saenz Pena,AR,2022-02-02 01:13:08,-26.7852,-60.4388,83.44,23,0,7.4
178,Newport,GB,2022-02-02 01:13:09,51.5877,-2.9984,52.18,87,100,10.94
179,Xichang,CN,2022-02-02 01:13:09,27.8964,102.2634,32.74,91,100,4.52
180,Lumeje,AO,2022-02-02 01:13:09,-11.55,20.7833,66.02,91,100,1.59
181,Nampula,MZ,2022-02-02 01:13:10,-15.1165,39.2666,67.69,98,27,2.98
182,Drumheller,CA,2022-02-02 01:13:10,51.4617,-112.7101,4.28,78,100,9.06
183,Itaqui,BR,2022-02-02 01:13:10,-29.1253,-56.5531,83.37,34,0,9.62
184,Namatanai,PG,2022-02-02 01:13:11,-3.6667,152.4333,82.2,73,96,5.17
185,Cayenne,GF,2022-02-02 01:11:01,4.9333,-52.3333,75.09,92,100,4.0
186,Berlevag,NO,2022-02-02 01:14:11,70.8578,29.0864,21.69,73,83,10.27
187,Vila Franca Do Campo,PT,2022-02-02 01:14:12,37.7167,-25.4333,57.61,79,62,11.32
188,Dafeng,CN,2022-02-02 01:14:12,23.4517,108.5881,45.18,87,100,6.53
189,Lamu,KE,2022-02-02 01:14:12,-2.2717,40.902,76.6,89,100,7.65
190,Sao Joao Da Barra,BR,2022-02-02 01:12:25,-21.6403,-41.0511,72.7,97,100,6.58
191,Cootamundra,AU,2022-02-02 01:14:13,-34.65,148.0333,72.95,36,66,8.93
192,Ukiah,US,2022-02-02 01:14:13,39.1502,-123.2078,57.09,39,0,5.75
193,Abu Dhabi,AE,2022-02-02 01:13:08,24.4667,54.3667,68.11,83,20,1.01
194,Tomatlan,MX,2022-02-02 01:14:14,19.9333,-105.25,70.0,59,0,4.97
195,Mikuni,JP,2022-02-02 01:14:14,36.2171,136.1519,40.71,53,52,4.52
196,Talakan,RU,2022-02-02 01:14:15,50.3167,130.3667,-10.25,96,97,1.3
197,Camacha,PT,2022-02-02 01:14:15,33.0833,-16.3333,62.02,77,20,17.27
198,Geraldton,AU,2022-02-02 01:14:16,-28.7667,114.6,91.81,22,0,29.93
199,Laguna,US,2022-02-02 01:14:16,38.421,-121.4238,59.5,30,0,11.01
200,Shahrud,IR,2022-02-02 01:14:16,36.4182,54.9763,31.93,62,1,1.81
201,Sitka,US,2022-02-02 01:09:44,57.0531,-135.33,31.89,69,100,17.27
202,Ravar,IR,2022-02-02 01:14:17,31.2656,56.8055,43.72,59,0,4.74
203,Longyearbyen,SJ,2022-02-02 01:14:17,78.2186,15.6401,22.84,63,40,2.3
204,Samarai,PG,2022-02-02 01:14:17,-10.6167,150.6667,81.63,76,100,10.6
205,Khani,GE,2022-02-02 01:14:18,41.9563,42.9566,36.97,75,24,9.6
206,Gazanjyk,TM,2022-02-02 01:14:18,39.2446,55.5154,44.78,61,0,9.69
207,Hamilton,US,2022-02-02 01:09:32,39.1834,-84.5333,52.43,55,0,6.91
208,Zhaotong,CN,2022-02-02 01:14:19,27.3167,103.7167,24.87,93,89,4.12
209,Whithorn,JM,2022-02-02 01:14:19,18.2604,-78.0378,71.44,87,0,2.51
210,Yulara,AU,2022-02-02 01:14:19,-25.2406,130.9889,67.84,94,100,14.97
211,Labuhan,ID,2022-02-02 01:14:20,-6.8844,112.2051,80.58,79,67,4.83
212,Lata,PT,2022-02-02 01:14:20,40.1629,-8.3327,52.81,77,0,3.83
213,Karoi,ZW,2022-02-02 01:14:20,-16.8099,29.6925,62.73,99,30,5.95
214,Egvekinot,RU,2022-02-02 01:14:21,66.3167,-179.1667,-4.97,85,66,18.9
215,Sao Miguel Do Araguaia,BR,2022-02-02 01:14:21,-13.275,-50.1628,72.82,91,99,2.04
216,Luena,AO,2022-02-02 01:14:22,-11.7833,19.9167,60.62,93,89,1.57
217,Ponta Do Sol,PT,2022-02-02 01:14:22,32.6667,-17.1,68.13,45,100,13.91
218,Komsomolskiy,UZ,2022-02-02 01:14:22,40.4272,71.7189,27.82,52,100,2.35
219,Sortino,IT,2022-02-02 01:14:23,37.1566,15.026,45.61,65,2,11.97
220,Cibitoke,BI,2022-02-02 01:14:23,-2.8833,29.25,61.14,85,100,2.89
221,Buala,SB,2022-02-02 01:13:44,-8.145,159.5921,84.07,76,100,8.28
222,Moba,CN,2022-02-02 01:14:23,33.2288,105.0179,23.22,71,97,3.87
223,Kapaa,US,2022-02-02 01:14:24,22.0752,-159.319,79.12,69,0,1.01
224,Florianopolis,BR,2022-02-02 01:11:33,-27.6146,-48.5012,75.38,82,75,1.01
225,Okhotsk,RU,2022-02-02 01:14:24,59.3833,143.3,-0.81,77,15,17.2
226,Salme,NP,2022-02-02 01:14:25,28.0369,85.0942,34.09,57,2,7.47
227,Muisne,EC,2022-02-02 01:14:25,0.6,-80.0333,77.02,82,100,3.56
228,Hofn,IS,2022-02-02 01:14:25,64.2539,-15.2082,25.03,63,97,5.3
229,Abnub,EG,2022-02-02 01:15:26,27.2696,31.1511,48.42,48,85,3.09
230,Itarema,BR,2022-02-02 01:15:26,-2.9248,-39.9167,79.3,79,93,12.95
231,Kangema,KE,2022-02-02 01:15:26,-0.6833,36.9667,60.94,90,100,3.11
232,Kirakira,SB,2022-02-02 01:15:27,-10.4544,161.9205,83.53,79,72,7.87
233,Tecoanapa,MX,2022-02-02 01:15:27,16.5167,-98.75,78.19,67,0,8.99
234,Homer,US,2022-02-02 01:15:27,59.6425,-151.5483,37.29,70,100,0.0
235,Linhares,BR,2022-02-02 01:15:28,-19.3911,-40.0722,75.63,92,98,4.29
236,Kidal,ML,2022-02-02 01:15:28,18.4411,1.4078,65.26,14,88,8.95
237,Lesnoy,RU,2022-02-02 01:15:29,57.6198,63.0784,22.64,93,100,11.3
238,Meulaboh,ID,2022-02-02 01:15:29,4.1363,96.1285,76.35,86,60,4.74
239,Luau,AO,2022-02-02 01:15:30,-10.7073,22.2247,63.7,98,100,2.21
240,Denpasar,ID,2022-02-02 01:12:33,-8.65,115.2167,83.86,74,20,5.75
241,Jambi,ID,2022-02-02 01:15:30,-1.6,103.6167,75.13,92,96,2.84
242,Atasu,KZ,2022-02-02 01:15:30,48.6814,71.6433,9.73,84,100,8.55
243,Haines Junction,CA,2022-02-02 01:15:31,60.7522,-137.5108,-18.45,76,100,1.14
244,Mazatlan,MX,2022-02-02 01:15:31,23.2167,-106.4167,70.92,73,0,1.01
245,Kavieng,PG,2022-02-02 01:15:31,-2.5744,150.7967,81.37,75,100,5.68
246,Las Vegas,US,2022-02-02 01:12:34,36.175,-115.1372,57.88,15,0,10.36
247,Dongning,CN,2022-02-02 01:15:32,44.0622,131.1207,11.08,73,8,10.74
248,Ostersund,SE,2022-02-02 01:15:32,63.1792,14.6357,14.61,100,100,2.3
249,Goma,CD,2022-02-02 01:15:32,-1.6792,29.2228,63.88,76,100,1.86
250,Grindavik,IS,2022-02-02 01:15:33,63.8424,-22.4338,30.67,100,75,9.22
251,Yatou,CN,2022-02-02 01:15:33,37.15,122.3833,28.33,57,96,6.02
252,Rio Cuarto,AR,2022-02-02 01:15:34,-33.1307,-64.3499,78.67,46,17,10.45
253,Payo,ID,2022-02-02 01:15:34,-3.7508,103.6372,71.46,98,100,2.57
254,Ploemeur,FR,2022-02-02 01:15:35,47.7333,-3.4333,49.35,93,100,9.22
255,Palmer,US,2022-02-02 01:11:11,42.1584,-72.3287,31.55,72,75,0.0
256,Qaqortoq,GL,2022-02-02 01:15:35,60.7167,-46.0333,14.5,89,8,3.38
257,Alice Springs,AU,2022-02-02 01:15:35,-23.7,133.8833,72.95,94,100,19.57
258,Nokia,FI,2022-02-02 01:15:36,61.4667,23.5,10.38,76,100,2.3
259,Hasaki,JP,2022-02-02 01:15:36,35.7333,140.8333,46.29,39,0,15.79
260,Vao,NC,2022-02-02 01:15:37,-22.6667,167.4833,78.31,82,100,19.95
261,Khromtau,KZ,2022-02-02 01:15:37,50.2503,58.4347,15.35,87,100,7.9
262,Penzance,GB,2022-02-02 01:15:37,50.1186,-5.5371,51.01,90,100,17.74
263,Bahia Honda,CU,2022-02-02 01:15:38,22.9036,-83.1592,69.6,79,2,7.0
264,Iracoubo,GF,2022-02-02 01:15:38,5.4802,-53.2011,77.67,80,79,13.02
265,Siniscola,IT,2022-02-02 01:15:38,40.5719,9.6922,45.95,80,0,7.67
266,Bhatapara,IN,2022-02-02 01:15:39,21.7333,81.9333,57.74,41,26,1.5
267,Aitape,PG,2022-02-02 01:15:39,-3.1374,142.3475,80.24,82,100,0.69
268,Praia,CV,2022-02-02 01:15:39,14.9215,-23.5087,79.34,44,75,14.97
269,San Francisco,US,2022-02-02 01:12:00,37.7749,-122.4194,61.39,28,0,3.0
270,Kapit,MY,2022-02-02 01:15:40,2.0167,112.9333,77.49,88,36,1.48
271,Buraydah,SA,2022-02-02 01:15:40,26.326,43.975,45.05,48,0,7.96
272,Comodoro Rivadavia,AR,2022-02-02 01:15:41,-45.8667,-67.5,75.06,23,0,23.02
273,Provideniya,RU,2022-02-02 01:15:41,64.3833,-173.3,14.11,62,0,20.13
274,Maningrida,AU,2022-02-02 01:16:41,-12.0667,134.2667,84.43,71,72,13.02
275,Pulo,PH,2022-02-02 01:16:42,15.246,120.9285,81.07,62,7,8.48
276,Moyale,KE,2022-02-02 01:16:42,3.5167,39.0584,71.06,47,100,6.67
277,Miandrivazo,MG,2022-02-02 01:16:43,-19.5167,45.4667,79.32,77,100,2.82
278,Tacoronte,ES,2022-02-02 01:16:43,28.4769,-16.4102,68.22,65,40,11.99
279,Zabol,AF,2022-02-02 01:16:43,32.25,67.25,33.17,100,100,8.23
280,Santa Maria,BR,2022-02-02 01:16:44,-29.6842,-53.8069,74.86,45,0,5.17
281,Kununurra,AU,2022-02-02 01:16:44,-15.7667,128.7333,87.78,66,75,14.97
282,Natitingou,BJ,2022-02-02 01:16:44,10.3042,1.3796,67.91,15,75,7.96
283,Abyek,IR,2022-02-02 01:16:45,36.0667,50.55,28.0,56,0,3.36
284,Chandauli,IN,2022-02-02 01:16:45,25.2667,83.2667,53.65,81,0,3.56
285,Zavetnoye,RU,2022-02-02 01:16:45,47.1194,43.8903,32.67,89,100,8.12
286,Tabas,IR,2022-02-02 01:16:46,33.5959,56.9244,41.83,74,33,8.1
287,Burgos,ES,2022-02-02 01:16:46,42.3394,-3.7079,32.41,93,0,6.91
288,Port Keats,AU,2022-02-02 01:16:46,-14.25,129.55,84.02,77,100,18.16
289,Saint-Pierre,RE,2022-02-02 01:16:47,-21.3393,55.4781,80.24,94,100,29.93
290,Zemio,CF,2022-02-02 01:16:47,5.0314,25.1361,69.13,30,35,2.71
291,Mount Isa,AU,2022-02-02 01:16:47,-20.7333,139.5,87.57,55,100,9.22
292,Tuatapere,NZ,2022-02-02 01:16:01,-46.1333,167.6833,76.82,93,100,6.46
293,San Patricio,US,2022-02-02 01:16:48,28.017,-97.5169,65.08,76,28,7.94
294,San Policarpo,PH,2022-02-02 01:16:48,12.1791,125.5072,80.64,82,1,10.02
295,Vostok,RU,2022-02-02 01:16:48,46.4856,135.8833,1.9,88,100,5.21
296,Marzuq,YE,2022-02-02 01:16:49,14.4,46.4667,61.3,68,67,0.54
297,Upernavik,GL,2022-02-02 01:16:49,72.7868,-56.1549,-13.45,76,100,5.88
298,Saint-Leu,RE,2022-02-02 01:16:49,-21.15,55.2833,79.63,89,100,24.61
299,Bonnyville,CA,2022-02-02 01:16:50,54.2668,-110.735,-4.2,89,100,9.06
300,Bintulu,MY,2022-02-02 01:16:50,3.1667,113.0333,81.01,94,20,3.44
301,Sindor,RU,2022-02-02 01:16:50,62.8629,51.8905,20.95,96,100,6.08
302,Boyolangu,ID,2022-02-02 01:16:51,-8.1181,111.8935,80.76,74,17,3.31
303,Akyab,MM,2022-02-02 01:16:51,20.15,92.9,62.29,73,10,7.07
304,San Cristobal,VE,2022-02-02 01:14:53,7.7669,-72.225,71.78,60,100,1.43
305,Bilma,NE,2022-02-02 01:16:52,18.6853,12.9164,54.86,22,0,6.93
306,Sola,VU,2022-02-02 01:16:52,-13.8833,167.55,80.55,79,100,15.23
307,Erenhot,CN,2022-02-02 01:16:52,43.6475,111.9767,-0.06,90,5,5.03
308,Algiers,DZ,2022-02-02 01:13:19,36.7525,3.042,44.42,87,40,4.61
309,Saint-Augustin,CA,2022-02-02 01:16:53,51.226,-58.6502,-12.59,90,3,6.06
310,Sirohi,IN,2022-02-02 01:16:53,24.8833,72.8667,58.6,55,0,4.14
311,Leningradskiy,RU,2022-02-02 01:16:53,69.3833,178.4167,-9.08,92,40,10.85
312,Nizhneivkino,RU,2022-02-02 01:16:54,58.194,49.5214,26.4,95,100,8.25
313,Srednekolymsk,RU,2022-02-02 01:16:54,67.45,153.6833,-10.75,91,100,8.7
314,Lima,PE,2022-02-02 01:16:52,-12.0432,-77.0282,72.9,73,0,1.01
315,Coquimbo,CL,2022-02-02 01:13:39,-29.9533,-71.3436,64.13,88,75,8.05
316,Santiago,CL,2022-02-02 01:16:35,-33.4569,-70.6483,73.17,46,0,11.5
317,Houma,US,2022-02-02 01:16:55,29.5958,-90.7195,64.0,91,100,11.5
318,Lichinga,MZ,2022-02-02 01:16:55,-13.3128,35.2406,59.99,98,11,4.97
319,Omboue,GA,2022-02-02 01:16:56,-1.5746,9.2618,78.22,85,100,5.19
320,Almaty,KZ,2022-02-02 01:15:08,43.25,76.95,21.11,93,100,4.47
321,Le Port,RE,2022-02-02 01:16:56,-20.9373,55.2919,80.56,84,100,7.54
322,Ostrovnoy,RU,2022-02-02 01:16:56,68.0531,39.5131,19.27,91,100,9.15
323,Orotukan,RU,2022-02-02 01:17:57,62.2667,151.7,-7.33,98,100,4.25
324,Port Shepstone,ZA,2022-02-02 01:17:57,-30.7414,30.455,75.79,90,63,12.77
325,Platanos,GR,2022-02-02 01:17:57,37.6667,21.6167,51.08,87,100,8.46
326,Zychlin,PL,2022-02-02 01:17:58,52.244,19.6261,36.61,98,100,13.87
327,Elbistan,TR,2022-02-02 01:17:58,38.2059,37.1983,25.18,97,100,3.15
328,Bin Qirdan,TN,2022-02-02 01:17:58,33.1378,11.2197,50.9,64,0,19.62
329,Lazaro Cardenas,MX,2022-02-02 01:17:59,17.9583,-102.2,77.07,62,0,7.54
330,Sabang,ID,2022-02-02 01:17:07,5.8933,95.3214,80.58,74,10,5.28
331,Caconda,AO,2022-02-02 01:17:59,-13.7333,15.0667,57.4,72,100,2.8
332,Los Llanos De Aridane,ES,2022-02-02 01:18:00,28.6585,-17.9182,68.13,71,20,4.0
333,Santa Fe,AR,2022-02-02 01:17:20,-31.6333,-60.7,85.01,59,0,1.01
334,Hambantota,LK,2022-02-02 01:18:00,6.1241,81.1185,71.46,82,36,10.25
335,Rumphi,MW,2022-02-02 01:18:00,-11.0186,33.8575,62.4,96,12,2.75
336,Ilinskiy,RU,2022-02-02 01:18:01,55.619,38.1182,27.18,86,100,8.95
337,Kuytun,RU,2022-02-02 01:18:01,54.3419,101.5036,-12.93,100,98,0.83
338,Loei,TH,2022-02-02 01:18:02,17.4167,101.5,66.43,77,4,1.32
339,Ketchikan,US,2022-02-02 01:18:02,55.3422,-131.6461,33.78,83,100,2.86
340,Pisco,PE,2022-02-02 01:18:03,-13.7,-76.2167,69.85,73,0,17.27
341,Ust-Kuyga,RU,2022-02-02 01:18:03,70.0167,135.6,-18.13,96,100,3.33
342,Piacabucu,BR,2022-02-02 01:16:43,-10.4056,-36.4344,78.85,77,1,8.5
343,Nova Olimpia,BR,2022-02-02 01:18:03,-14.7972,-57.2881,70.68,96,100,2.21
344,Maibong,IN,2022-02-02 01:18:04,25.3,93.1667,50.05,98,25,1.52
345,Suntar,RU,2022-02-02 01:18:04,62.1444,117.6319,-29.36,99,89,3.24
346,Antalaha,MG,2022-02-02 01:18:04,-14.9003,50.2788,74.26,84,80,6.71
347,Muros,ES,2022-02-02 01:18:05,42.7762,-9.0603,54.23,80,0,7.16
348,Yeppoon,AU,2022-02-02 01:18:05,-23.1333,150.7333,92.98,58,84,7.65
349,Slonim,BY,2022-02-02 01:18:06,53.0867,25.3219,27.09,95,100,9.4
350,Tehri,IN,2022-02-02 01:18:06,30.3833,78.4833,45.82,41,0,4.63
351,Atherton,GB,2022-02-02 01:18:06,53.5237,-2.4935,51.75,92,100,8.01
352,Sioux Lookout,CA,2022-02-02 01:18:07,50.1001,-91.917,1.78,78,100,16.11
353,Baker City,US,2022-02-02 01:18:07,44.7749,-117.8344,25.83,97,100,0.0
354,Anadyr,RU,2022-02-02 01:18:07,64.75,177.4833,23.5,54,5,17.9
355,West Bay,KY,2022-02-02 01:18:08,19.3667,-81.4167,75.27,90,20,1.99
356,Kalanwali,IN,2022-02-02 01:18:08,29.85,74.95,48.31,67,0,1.74
357,Wainwright,CA,2022-02-02 01:15:08,52.839,-110.8572,-5.89,96,100,8.14
358,Alakurtti,RU,2022-02-02 01:18:08,66.9672,30.3491,12.63,96,100,3.09
359,Saint Anthony,US,2022-02-02 01:15:08,45.0205,-93.218,10.0,68,0,5.01
360,Vestmannaeyjar,IS,2022-02-02 01:18:09,63.4427,-20.2734,37.65,71,100,11.9
361,Celestun,MX,2022-02-02 01:18:09,20.8667,-90.4,74.03,81,12,10.92
362,Kitgum,UG,2022-02-02 01:18:09,3.2783,32.8867,77.29,40,100,0.78
363,Vesoul,FR,2022-02-02 01:18:10,47.5833,5.8333,43.09,98,100,12.21
364,Richards Bay,ZA,2022-02-02 01:18:10,-28.783,32.0377,75.36,84,97,10.78
365,Demba,CD,2022-02-02 01:18:10,-5.51,22.2667,68.54,91,100,2.26
366,Homa Bay,KE,2022-02-02 01:18:11,-0.5273,34.4571,69.48,85,100,9.31
367,Te Anau,NZ,2022-02-02 01:19:11,-45.4167,167.7167,66.43,97,100,5.3
368,Nanakuli,US,2022-02-02 01:19:12,21.3906,-158.1547,82.35,57,75,11.5
369,Loreto,MX,2022-02-02 01:19:12,22.2667,-101.9667,60.94,19,0,9.06
370,Fort Nelson,CA,2022-02-02 01:15:08,58.8053,-122.7002,-13.41,84,0,3.44
371,Nyurba,RU,2022-02-02 01:19:12,63.2842,118.3319,-35.59,100,92,2.84
372,San Jose Del Guaviare,CO,2022-02-02 01:19:13,2.5729,-72.6459,78.53,36,91,3.22
373,Cowra,AU,2022-02-02 01:19:13,-33.8333,148.6833,77.63,44,100,6.96
374,Kavaratti,IN,2022-02-02 01:19:13,10.5669,72.642,80.2,68,5,8.99
375,Nelson Bay,AU,2022-02-02 01:19:14,-32.7167,152.15,74.08,92,100,1.01
376,Nouadhibou,MR,2022-02-02 01:15:32,20.931,-17.0347,67.98,68,87,9.22
377,Pitimbu,BR,2022-02-02 01:19:14,-7.4706,-34.8086,79.39,75,20,7.74
378,Xinyu,CN,2022-02-02 01:19:14,27.8043,114.9334,38.46,92,100,9.73
379,Mantua,IT,2022-02-02 01:19:15,45.1667,10.7833,41.05,62,4,5.01
380,Leona Vicario,MX,2022-02-02 01:19:15,20.9667,-87.1917,75.07,87,0,3.0
381,Stanceni,RO,2022-02-02 01:19:16,46.9833,25.2333,17.83,92,100,4.18
382,Kolobrzeg,PL,2022-02-02 01:19:16,54.1757,15.5834,38.16,89,100,27.92
383,Togur,RU,2022-02-02 01:19:16,58.3631,82.8265,15.67,96,98,7.07
384,Grand-Santi,GF,2022-02-02 01:19:16,4.25,-54.3833,71.96,99,97,3.09
385,Esperance,AU,2022-02-02 01:17:13,-33.8667,121.9,67.53,51,30,17.0
386,Kruisfontein,ZA,2022-02-02 01:19:17,-34.0033,24.7314,72.88,65,100,3.74
387,Spaichingen,DE,2022-02-02 01:19:17,48.0833,8.7167,39.31,94,100,12.91
388,Melioratorov,RU,2022-02-02 01:19:18,57.2107,65.6077,17.98,100,100,15.66
389,Okoneshnikovo,RU,2022-02-02 01:19:18,54.8377,75.0834,-2.49,100,100,4.85
390,Ngunguru,NZ,2022-02-02 01:19:18,-35.6167,174.5,77.16,77,100,14.54
391,Milan,IT,2022-02-02 01:15:56,45.4643,9.1895,49.01,52,0,5.01
392,Sao Gabriel Da Cachoeira,BR,2022-02-02 01:19:03,-0.1303,-67.0892,76.89,81,73,1.41
393,Havre-Saint-Pierre,CA,2022-02-02 01:19:19,50.2334,-63.5986,10.4,77,40,10.36
394,Fatwa,IN,2022-02-02 01:19:19,25.5167,85.3167,48.29,82,0,3.33
395,Isangel,VU,2022-02-02 01:19:20,-19.55,169.2667,86.11,84,75,2.3
396,Pemangkat,ID,2022-02-02 01:19:20,1.1667,108.9667,78.37,85,97,6.93
397,Sibolga,ID,2022-02-02 01:19:20,1.7427,98.7792,76.35,89,98,1.9
398,Chuy,UY,2022-02-02 01:19:21,-33.6971,-53.4616,63.12,72,0,6.73
399,Severo-Kurilsk,RU,2022-02-02 01:17:15,50.6789,156.125,30.69,76,99,11.14
400,Ulagan,RU,2022-02-02 01:19:21,50.6321,87.9563,-8.27,97,80,1.36
401,Flin Flon,CA,2022-02-02 01:19:21,54.7682,-101.865,-9.0,87,100,10.8
402,Bandarbeyla,SO,2022-02-02 01:19:22,9.4942,50.8122,75.02,78,20,15.79
403,Caravelas,BR,2022-02-02 01:19:22,-17.7125,-39.2481,76.53,93,26,7.61
404,Sakakah,SA,2022-02-02 01:19:22,29.9697,40.2064,42.37,52,0,6.73
405,Ilulissat,GL,2022-02-02 01:17:17,69.2167,-51.1,3.22,55,100,4.61
406,Namibe,AO,2022-02-02 01:19:23,-15.1961,12.1522,71.92,69,100,10.58
407,Bengkulu,ID,2022-02-02 01:19:23,-3.8004,102.2655,74.5,81,100,5.1
408,Sarangani,PH,2022-02-02 01:19:24,5.4033,125.4636,81.36,74,100,20.83
409,Taoudenni,ML,2022-02-02 01:19:24,22.6783,-3.9836,68.2,22,2,11.05
410,Shakawe,BW,2022-02-02 01:19:24,-18.3667,21.85,65.93,96,92,4.34
411,Marienburg,PL,2022-02-02 01:19:25,54.0359,19.0266,34.84,98,100,7.16
412,Lebu,CL,2022-02-02 01:19:25,-37.6167,-73.65,58.98,94,5,10.25
413,Baykit,RU,2022-02-02 01:15:40,61.67,96.37,-12.55,100,93,0.81
414,Tandil,AR,2022-02-02 01:19:26,-37.3217,-59.1332,66.92,62,69,7.65
415,Guerrero Negro,MX,2022-02-02 01:19:26,27.9769,-114.0611,61.05,70,89,12.93
416,Brae,GB,2022-02-02 01:15:59,60.3964,-1.353,39.11,69,100,18.84
417,Magadan,RU,2022-02-02 01:20:27,59.5667,150.8,5.04,76,100,10.2
418,Tilichiki,RU,2022-02-02 01:17:57,60.4667,166.1,15.12,92,100,8.46
419,Yar-Sale,RU,2022-02-02 01:20:27,66.8333,70.8333,-16.02,99,39,7.45
420,Vilcun,CL,2022-02-02 01:20:27,-38.65,-72.2333,57.94,78,0,2.75
421,Arman,RU,2022-02-02 01:20:28,59.7,150.1667,3.88,79,94,13.2
422,Dinar,TR,2022-02-02 01:20:28,38.065,30.1656,44.38,99,100,7.07
423,Darovskoy,RU,2022-02-02 01:20:28,58.77,47.9564,26.08,95,100,7.52
424,Zhigansk,RU,2022-02-02 01:20:29,66.7697,123.3711,-27.78,99,89,8.93
425,Wanaka,NZ,2022-02-02 01:20:29,-44.7,169.15,68.32,85,97,7.76
426,Sur,OM,2022-02-02 01:20:29,22.5667,59.5289,71.38,61,6,3.78
427,Maarianhamina,AX,2022-02-02 01:20:30,60.0973,19.9348,21.06,86,100,1.14
428,Tanout,NE,2022-02-02 01:20:30,14.9709,8.8879,55.11,18,3,8.12
429,Kendari,ID,2022-02-02 01:20:30,-3.945,122.4989,80.42,83,100,1.52
430,Toktogul,KG,2022-02-02 01:20:31,41.8708,72.9402,20.35,57,100,3.02
431,Nosy Varika,MG,2022-02-02 01:20:31,-20.5833,48.5333,72.64,89,100,7.36
432,Balykshi,KZ,2022-02-02 01:20:31,47.0667,51.8667,30.2,100,100,2.24
433,Orsk,RU,2022-02-02 01:20:31,51.2049,58.5668,14.9,85,100,13.42
434,Kaseda,JP,2022-02-02 01:20:32,31.4167,130.3167,42.03,56,100,10.02
435,Port Macquarie,AU,2022-02-02 01:20:32,-31.4333,152.9167,81.9,94,100,10.36
436,Paraiso,CR,2022-02-02 01:20:33,9.8383,-83.8656,64.96,86,92,2.46
437,Kurilsk,RU,2022-02-02 01:20:33,45.2333,147.8833,24.24,87,98,16.93
438,Gomez Plata,CO,2022-02-02 01:20:33,6.6818,-75.2191,62.76,98,87,1.01
439,Leesburg,US,2022-02-02 01:20:34,39.1157,-77.5636,35.71,75,0,7.0
440,Port-Cartier,CA,2022-02-02 01:20:34,50.0334,-66.8654,-0.26,89,100,1.68
441,Auki,SB,2022-02-02 01:20:34,-8.7676,160.7034,83.1,80,69,6.91
442,Luban,PL,2022-02-02 01:20:35,51.1201,15.2877,40.59,97,100,17.65
443,Cabra,ES,2022-02-02 01:20:35,37.4725,-4.4421,51.39,66,0,3.58
444,Akdagmadeni,TR,2022-02-02 01:20:36,39.6603,35.8836,24.03,87,64,6.64
445,Gao,ML,2022-02-02 01:20:36,16.6362,1.637,64.26,12,100,7.99
446,Hay River,CA,2022-02-02 01:20:37,60.8156,-115.7999,-18.42,69,20,3.44
447,Aswan,EG,2022-02-02 01:20:37,24.0934,32.907,51.1,53,0,4.61
448,Gat,IL,2022-02-02 01:17:04,31.61,34.7642,53.91,100,0,3.62
449,Campbell River,CA,2022-02-02 01:20:38,50.0163,-125.2446,39.92,86,20,0.0
450,Chingola,ZM,2022-02-02 01:20:38,-12.529,27.8838,60.62,97,100,2.17
451,Tombouctou,ML,2022-02-02 01:20:39,20.0,-3.0,66.11,20,91,13.49
452,Iguape,BR,2022-02-02 01:20:39,-24.7081,-47.5553,75.2,93,100,4.0
453,Ishigaki,JP,2022-02-02 01:20:39,24.3448,124.1572,68.13,94,75,2.3
454,Paamiut,GL,2022-02-02 01:20:40,61.994,-49.6678,6.94,93,100,8.1
455,Praia Da Vitoria,PT,2022-02-02 01:20:40,38.7333,-27.0667,59.25,77,40,11.54
456,Constitucion,CL,2022-02-02 01:20:40,-35.3333,-72.4167,57.87,92,11,4.41
457,Tarauaca,BR,2022-02-02 01:20:41,-8.1614,-70.7656,76.44,83,100,1.28
458,Roald,NO,2022-02-02 01:20:41,62.5833,6.1333,37.99,75,100,16.11
459,Port Hardy,CA,2022-02-02 01:20:41,50.6996,-127.4199,41.18,87,75,2.3
460,Foam Lake,CA,2022-02-02 01:20:42,51.65,-103.5343,-12.98,98,96,10.85
461,Hualmay,PE,2022-02-02 01:20:42,-11.0964,-77.6139,71.29,79,93,9.46
462,Petawawa,CA,2022-02-02 01:20:42,45.9001,-77.3328,32.27,65,100,5.01
463,Tyulyachi,RU,2022-02-02 01:21:43,55.8913,50.2399,28.6,95,100,15.19
464,Pyinmana,MM,2022-02-02 01:21:43,19.7333,96.2167,58.35,51,1,1.14
465,Lagoa,PT,2022-02-02 01:21:44,39.05,-27.9833,58.95,72,15,14.65
466,Mastic Beach,US,2022-02-02 01:21:44,40.7668,-72.8521,36.01,77,100,3.0
467,Sinnamary,GF,2022-02-02 01:21:44,5.3833,-52.95,77.29,82,91,12.64
468,Karaton,ID,2022-02-02 01:21:45,-6.3424,106.1045,83.95,88,96,4.52
469,Aguimes,ES,2022-02-02 01:18:39,27.9054,-15.4461,73.65,45,20,6.91
470,Cangzhou,CN,2022-02-02 01:21:45,38.3167,116.8667,27.72,34,0,2.93
471,Rostovka,RU,2022-02-02 01:21:46,55.3842,71.8891,2.1,100,100,6.67
472,Mareeba,AU,2022-02-02 01:21:46,-17.0,145.4333,89.47,93,100,5.91
473,Huangmei,CN,2022-02-02 01:21:47,30.1924,116.025,36.99,90,100,8.81
474,Santana Do Matos,BR,2022-02-02 01:21:47,-5.9575,-36.6556,79.32,70,6,7.52
475,Sault Sainte Marie,CA,2022-02-02 01:17:06,46.5168,-84.3333,39.49,70,100,16.11
476,Vaitape,PF,2022-02-02 01:21:48,-16.5167,-151.75,80.94,76,11,19.86
477,Buenos Aires,AR,2022-02-02 01:17:19,-34.6132,-58.3772,77.97,67,0,5.75
478,Malanje,AO,2022-02-02 01:19:14,-9.5402,16.341,61.61,94,96,4.09
479,Beloha,MG,2022-02-02 01:21:48,-25.1667,45.05,71.06,85,0,12.15
480,Cabinda,AO,2022-02-02 01:21:49,-5.55,12.2,77.63,90,100,7.0
481,Port Moresby,PG,2022-02-02 01:21:49,-9.4431,147.1797,76.42,88,75,13.8
482,Kolo,PL,2022-02-02 01:21:49,52.2002,18.6387,36.7,97,100,19.98
483,Salalah,OM,2022-02-02 01:21:50,17.0151,54.0924,66.29,34,0,4.61
484,Huarmey,PE,2022-02-02 01:21:50,-10.0681,-78.1522,71.96,78,100,9.19
485,Calama,CL,2022-02-02 01:21:50,-22.4667,-68.9333,56.5,31,0,8.34
486,Namtsy,RU,2022-02-02 01:21:51,62.7161,129.6658,-20.09,93,100,5.97
487,Krasnyy Kholm,RU,2022-02-02 01:21:51,58.0607,37.1203,21.7,96,100,8.23
488,Ormara,PK,2022-02-02 01:21:51,25.2088,64.6357,71.96,73,0,12.37
489,Coahuayana,MX,2022-02-02 01:21:52,18.7333,-103.6833,80.08,63,0,2.06
490,Rancho Palos Verdes,US,2022-02-02 01:21:52,33.7445,-118.387,62.51,77,40,1.01
491,Kahului,US,2022-02-02 01:21:52,20.8947,-156.47,82.42,65,40,18.41
492,Manokwari,ID,2022-02-02 01:21:53,-0.8667,134.0833,81.48,71,100,3.62
493,Flinders,AU,2022-02-02 01:17:12,-34.5833,150.8552,70.18,80,100,11.99
494,Fortuna,US,2022-02-02 01:21:53,40.5982,-124.1573,50.18,76,20,3.0
495,Mokrous,RU,2022-02-02 01:21:54,51.2333,47.5167,27.41,96,88,10.0
496,Sambava,MG,2022-02-02 01:21:54,-14.2667,50.1667,74.41,82,100,5.73
497,Nokaneng,BW,2022-02-02 01:21:54,-19.6667,22.2667,69.51,84,100,4.97
498,Xocali,AZ,2022-02-02 01:21:54,39.913,46.7903,39.72,48,18,5.28
499,Vigrestad,NO,2022-02-02 01:21:55,58.5667,5.7,40.68,79,26,32.77
500,Nalut,LY,2022-02-02 01:21:55,30.3333,10.85,44.42,57,95,9.31
501,Sorong,ID,2022-02-02 01:21:55,-0.8833,131.25,80.55,76,100,2.62
502,Mulege,MX,2022-02-02 01:21:56,26.8833,-111.9833,68.09,44,38,0.89
503,Morozovsk,RU,2022-02-02 01:21:56,48.3539,41.8261,35.49,97,100,10.47
504,Siderno,IT,2022-02-02 01:21:57,38.2779,16.302,51.84,71,0,12.3
505,Mapimi,MX,2022-02-02 01:21:57,25.8167,-103.85,70.57,17,0,5.57
506,Alanya,TR,2022-02-02 01:21:57,36.5438,31.9998,50.13,65,100,9.4
507,Auch,FR,2022-02-02 01:21:58,43.65,0.5833,46.35,86,66,5.01
508,Bavly,RU,2022-02-02 01:21:58,54.393,53.2602,25.99,92,96,14.74
509,Mayo,US,2022-02-02 01:21:58,38.8876,-76.5119,35.55,82,0,0.0
510,Kayerkan,RU,2022-02-02 01:21:58,69.3497,87.7602,1.53,77,97,6.17
511,Vuktyl,RU,2022-02-02 01:22:59,63.8567,57.3094,14.79,94,100,7.56
512,Tabou,CI,2022-02-02 01:22:59,4.423,-7.3528,78.19,82,100,4.88
513,San Julian,MX,2022-02-02 01:22:59,21.0167,-102.1667,59.76,27,0,7.0
514,Sapa,PH,2022-02-02 01:23:00,5.1544,120.3241,80.69,78,100,3.87
515,Marsa Matruh,EG,2022-02-02 01:23:00,31.3525,27.2453,50.2,66,0,6.91
516,Moose Factory,CA,2022-02-02 01:19:34,51.2585,-80.6094,33.8,75,100,13.8
517,Tautira,PF,2022-02-02 01:23:01,-17.7333,-149.15,89.62,77,19,18.12
518,Suluq,LY,2022-02-02 01:23:01,31.6682,20.2521,52.68,68,21,11.32
519,San Rafael Del Sur,NI,2022-02-02 01:23:01,11.8485,-86.4384,79.77,63,2,9.98
520,Lavrentiya,RU,2022-02-02 01:23:01,65.5833,-171.0,1.58,81,1,15.43
521,Vallenar,CL,2022-02-02 01:23:02,-28.5708,-70.7581,68.23,60,0,3.38
522,Vardo,NO,2022-02-02 01:23:02,70.3705,31.1107,28.18,61,100,7.27
523,Cartagena Del Chaira,CO,2022-02-02 01:23:03,1.3349,-74.8429,81.64,45,100,1.32
524,Zaysan,KZ,2022-02-02 01:21:18,47.4667,84.8667,-1.26,92,45,3.02
525,Bend,US,2022-02-02 01:23:03,44.0582,-121.3153,35.46,60,40,3.0
526,Katobu,ID,2022-02-02 01:23:03,-4.9408,122.5276,83.14,68,100,3.18
527,Rovenki,UA,2022-02-02 01:23:04,48.0833,39.3776,32.29,99,100,8.86
528,Voh,NC,2022-02-02 01:23:04,-20.9667,164.7,88.38,50,22,10.49
529,Petersberg,DE,2022-02-02 01:23:04,50.5619,9.7131,42.37,93,100,3.0
530,Kaliua,TZ,2022-02-02 01:23:05,-5.0606,31.7936,63.43,97,100,0.76
531,Polis,CY,2022-02-02 01:23:05,35.0367,32.4264,60.62,91,100,10.45
532,Ponta Grossa,BR,2022-02-02 01:23:05,-25.095,-50.1619,64.63,91,1,7.36
533,Kouango,CF,2022-02-02 01:23:06,4.9934,19.9619,76.24,23,100,1.39
534,Lagos,NG,2022-02-02 01:18:28,6.5833,3.75,77.32,81,9,2.55
535,Simi,SL,2022-02-02 01:23:06,9.5667,-12.35,72.36,61,5,2.91
536,Harer,ET,2022-02-02 01:23:07,9.3094,42.1258,55.87,60,59,10.96
537,Dolores,AR,2022-02-02 01:23:07,-36.3132,-57.6792,65.35,57,13,3.74
538,Fujinomiya,JP,2022-02-02 01:23:07,35.2167,138.6167,48.78,28,0,1.92
539,Totness,SR,2022-02-02 01:23:08,5.8833,-56.3167,77.4,80,32,11.48
540,Abha,SA,2022-02-02 01:23:08,18.2164,42.5053,51.62,71,0,4.61
541,Chunskiy,RU,2022-02-02 01:23:08,56.0815,99.6342,-12.71,100,81,1.5
542,Wufeng,CN,2022-02-02 01:23:09,27.45,104.8333,24.8,98,94,3.62
543,Kyzyl-Suu,KG,2022-02-02 01:23:09,42.3414,78.0056,16.34,56,1,10.27
544,Belyy Yar,RU,2022-02-02 01:20:42,53.6039,91.3903,-18.51,76,100,0.0
545,Christchurch,NZ,2022-02-02 01:18:40,-43.5333,172.6333,80.02,73,75,1.99
546,Tulun,RU,2022-02-02 01:23:10,54.5611,100.5792,-13.81,100,96,2.77
547,Turan,VN,2022-02-02 01:23:10,16.0678,108.2208,71.58,73,75,1.14
548,Svetlyy,RU,2022-02-02 01:23:10,54.675,20.1347,32.05,96,100,8.68
549,Osterburg,DE,2022-02-02 01:23:11,52.7833,11.7667,45.5,76,100,22.17
550,Tommot,RU,2022-02-02 01:23:11,58.9564,126.2925,-6.63,94,100,10.0
551,Zheleznodorozhnyy,RU,2022-02-02 01:23:11,55.7503,38.0042,27.01,95,100,8.41
552,Dawlatabad,AF,2022-02-02 01:23:12,36.4141,64.9053,45.7,77,100,9.19
553,Tiznit,MA,2022-02-02 01:23:12,29.5833,-9.5,62.56,34,48,3.09
554,Cabedelo,BR,2022-02-02 01:22:44,-6.9811,-34.8339,79.47,76,5,8.1
555,Lerwick,GB,2022-02-02 01:23:13,60.1545,-1.1494,39.2,70,100,19.46
556,Chara,RU,2022-02-02 01:23:13,56.9064,118.2631,-21.15,87,48,0.89
557,Sulangan,PH,2022-02-02 01:24:13,11.1373,123.7228,80.85,73,29,13.0
558,Nago,JP,2022-02-02 01:24:14,26.5881,127.9761,66.27,69,100,12.28
559,Neiafu,TO,2022-02-02 01:24:14,-18.65,-173.9833,84.88,70,75,5.75
560,Thinadhoo,MV,2022-02-02 01:24:15,0.5333,72.9333,83.21,70,10,12.33
561,Kefamenanu,ID,2022-02-02 01:24:15,-9.4467,124.4781,80.47,70,17,7.67
562,Daloa,CI,2022-02-02 01:24:15,6.8774,-6.4502,70.43,20,100,1.81
563,Hovd,MN,2022-02-02 01:24:16,48.0056,91.6419,-7.2,89,100,1.39
564,Hailar,CN,2022-02-02 01:24:16,49.2,119.7,-10.61,97,100,5.21
565,Fairbanks,US,2022-02-02 01:19:27,64.8378,-147.7164,-3.01,76,0,0.0
566,Guadalupe Y Calvo,MX,2022-02-02 01:24:16,26.1,-106.9667,41.09,46,6,4.25
567,Vogan,TG,2022-02-02 01:24:17,6.3333,1.5333,75.02,77,0,4.34
568,Altamira,BR,2022-02-02 01:24:17,-3.2033,-52.2064,72.45,97,99,2.71
569,Raudeberg,NO,2022-02-02 01:24:17,61.9875,5.1352,36.86,86,85,5.01
570,Poltar,SK,2022-02-02 01:24:18,48.4309,19.7941,33.28,95,100,15.1
571,Talcahuano,CL,2022-02-02 01:24:18,-36.7167,-73.1167,58.68,88,100,11.5
572,Luganville,VU,2022-02-02 01:20:42,-15.5333,167.1667,84.51,74,95,1.92
